Jumanji,Robin Williams,Jonathan Hyde,Kirsten Dunst,Bonnie Hunt,Bebe Neuwirth,David Alan Grier,Patricia Clarkson,James Handy,Malcolm Stewart,Darryl Henriques
Toy Story,Tom Hanks,Tim Allen,Don Rickles,Wallace Shawn,John Ratzenberger,Annie Potts,John Morris,Laurie Metcalf,R. Lee Ermey,Penn Jillette
Copycat,Sigourney Weaver,Holly Hunter,Will Patton,Harry Connick Jr.,J.E. Freeman,Dermot Mulroney,John Rothman
Assassins,Sylvester Stallone,Antonio Banderas,Julianne Moore,Muse Watson,Steve Kahan,Kelly Rowan,Reed Diamond
Copycat,One,Two
Movie
